Pedro;369852147;369852147;Masculino
;;;Selecione
;;;Selecione
;;;Selecione
;;;Selecione
;;;Selecione
;;;Selecione
;;;Selecione
;;;Selecione
;;;Selecione
;;;Selecione
hjhjk;yttuy+65656;yjhgjh;Masculino
Pedro;390.260.918-42;(65)963564564;Masculino;01/01/0001 00:00:00
Pedro;963852741;741852963;Masculino;01/01/0001 00:00:00
Pedro ;741855269;96846358;Masculino;01/01/0001 00:00:00
o;o;o;Selecione;01/01/0001 00:00:00
asdfghj;7455;2654;Selecione;01/01/0001 00:00:00
d;741;741;Selecione;01/01/0001 00:00:00
df;97;97;Selecione;01/01/0001 00:00:00
a;a;a;Selecione;01/01/0001 00:00:00
Pedro;98765431;987654321;Masculino;01/01/0001 00:00:00
Pedro;97654321;9876354321;Masculino;01/01/0001 00:00:00
Pedro;87954651;98756321;Masculino;01/01/0001 00:00:00
pedro;98756465;65498749;Masculino;01/01/0001 00:00:00
89754651;8978764546;98745685;Feminino;01/01/0001 00:00:00
Pedro ;98765321;98764321;Masculino;01/01/0001 00:00:00
Pedro;390260654986;8795642136;Masculino;01/01/0001 00:00:00
Pedro;8975645;987654;Feminino;01/01/0001 00:00:00
Pedro;987654321;98765431;Masculino;01/01/0001 00:00:00
